tipo,lancamentos,valor_total,pct_do_gasto
Publicidade por materiais impressos,461536,1304357477.52,20.41
Atividades de militância e mobilização de rua,766216,755544184.50,11.82
Serviços prestados por terceiros,158110,724594770.54,11.34
Despesas com pessoal,460755,616601348.09,9.65
Serviços advocatícios,78276,405855441.53,6.35
Publicidade por adesivos,163218,371411225.76,5.81
"Produção de programas de rádio, televisão ou vídeo",30736,360645212.17,5.64
Despesa com Impulsionamento de Conteúdos,121619,316256560.79,4.95
Serviços contábeis,87830,290697478.75,4.55
Diversas a especificar,60949,193351698.97,3.03
Cessão ou locação de veículos,45719,190310501.34,2.98
Combustíveis e lubrificantes,156879,160147291.03,2.51
Doações financeiras a outros candidatos/partidos,28708,103585048.25,1.62
"Produção de jingles, vinhetas e slogans",62185,87412160.04,1.37
Locação/cessão de bens imóveis,19538,69020412.20,1.08
Publicidade por carros de som,11300,63657818.28,1.00
Comícios,6437,52842486.52,0.83
Locação/cessão de bens móveis (exceto veículos),7569,42325032.25,0.66
Pesquisas ou testes eleitorais,1624,42231091.88,0.66
Eventos de promoção da candidatura,6225,41004985.03,0.64
Publicidade por jornais e revistas,16887,34619360.05,0.54
Serviços próprios prestados por terceiros,10017,32730520.69,0.51
Criação e inclusão de páginas na internet,11545,28963134.69,0.45
Alimentação,20669,28860705.15,0.45
Despesas com transporte ou deslocamento,5460,23124642.54,0.36
Correspondências e despesas postais,4201,18068319.19,0.28
Materiais de expediente,11584,10424655.91,0.16
Água,5463,7220489.50,0.11
Pré-instalação física de comitê de campanha,1716,6068310.09,0.09
"Encargos financeiros, taxas bancárias e/ou op. cartão de crédito",125808,2619623.44,0.04
Despesa com geradores de energia,466,1395761.44,0.02
Aquisição/Doação de bens móveis ou imóveis,519,1208308.13,0.02
Despesas com Hospedagem,786,984311.50,0.02
Energia elétrica,1795,719759.60,0.01
Multas eleitorais,114,535652.63,0.01
"Impostos, contribuições e taxas",4395,533232.14,0.01
Taxa de Administração de Financiamento Coletivo,4200,312603.07,0.00
Telefone,380,131240.44,0.00
Reembolsos de gastos realizados por eleitores,172,86034.18,0.00
Passagem Aérea,11,85936.76,0.00
Encargos sociais,221,51582.94,0.00
