ano,territorio,indice_ideologico,classificacao,indice_camara,cobertura_camara_pct
2018,AP,6.24,Centro-direita,-22.5,70.0
2020,AP,6.54,Direita,-22.4,72.7
2022,AP,6.03,Centro-direita,-27.9,88.7
2024,AP,6.39,Centro-direita,-20.9,100.0
2018,MG,6.41,Centro-direita,-29.1,68.8
2020,MG,6.62,Direita,-29.0,72.4
2022,MG,6.67,Direita,-17.1,88.6
2024,MG,6.75,Direita,-20.6,92.5
2018,MS,6.57,Direita,-35.8,71.1
2020,MS,6.73,Direita,-31.5,75.6
2022,MS,6.75,Direita,-22.8,95.9
2024,MS,6.92,Direita,-25.0,99.5
2018,PB,6.56,Direita,-30.0,75.7
2020,PB,6.87,Direita,-23.7,76.7
2022,PB,7.20,Direita,-23.4,84.1
2024,PB,6.56,Direita,-30.5,96.5
2018,RO,6.98,Direita,-24.5,67.3
2020,RO,6.71,Direita,-32.8,72.7
2022,RO,7.43,Direita,-18.8,90.5
2024,RO,7.47,Direita,-15.1,88.6
2018,RR,7.04,Direita,-16.2,64.2
2020,RR,7.02,Direita,-19.1,69.1
2022,RR,7.52,Direita,-19.5,95.4
2024,RR,7.09,Direita,-25.5,94.6
