ano,cargo,vagas,eleitos,gasto_todos_candidatos,gasto_eleitos,custo_cadeira_disputa,custo_medio_por_eleito
2018,GOVERNADOR,6,6,87718542.10,19047672.36,14619757.02,3174612.06
2018,PRESIDENTE,1,1,218192968.63,2456215.03,218192968.63,2456215.03
2018,SENADOR,12,12,60048749.27,18535135.01,5004062.44,1544594.58
2018,DEPUTADO FEDERAL,97,97,253673112.58,106867260.74,2615186.73,1101724.34
2018,DEPUTADO ESTADUAL,209,209,161391574.87,63720658.78,772208.49,304883.53
2018,1º SUPLENTE,6,12,0,0,0.00,0.00
2018,2º SUPLENTE,6,12,1539.60,0,256.60,0.00
2018,VICE-GOVERNADOR,6,6,0,0,0.00,0.00
2018,VICE-PRESIDENTE,1,1,0,0,0.00,0.00
2020,PREFEITO,1238,1224,385937016.90,136888882.87,311742.34,111837.32
2020,VEREADOR,12398,12398,209989505.25,51431886.66,16937.37,4148.40
2020,VICE-PREFEITO,1238,1224,255378.28,36300.00,206.28,29.66
2022,PRESIDENTE,1,1,343205679.91,131313037.45,343205679.91,131313037.45
2022,GOVERNADOR,6,6,151891685.50,52688350.11,25315280.92,8781391.69
2022,SENADOR,6,6,66089446.48,16699280.48,11014907.75,2783213.41
2022,DEPUTADO FEDERAL,97,97,595156927.57,181766245.76,6135638.43,1873878.82
2022,DEPUTADO ESTADUAL,209,209,313798523.38,97000786.62,1501428.34,464118.60
2022,1º SUPLENTE,6,6,0,0,0.00,0.00
2022,2º SUPLENTE,6,6,0,0,0.00,0.00
2022,VICE-GOVERNADOR,6,6,0,0,0.00,0.00
2022,VICE-PRESIDENTE,1,1,0,0,0.00,0.00
2024,PREFEITO,1238,1231,702767977.67,290000405.71,567663.96,235581.16
2024,VEREADOR,12442,12442,401341401.48,104505791.40,32256.98,8399.44
2024,VICE-PREFEITO,1238,1231,0,0,0.00,0.00
