ano,sigla,coligacoes,nota_especialistas,nota_herdada,nota_coligacoes,diferenca,concordancia
2024,REDE,676,3.69,f,0.77,-2.92,0.80
2024,PSOL,676,1.41,f,0.77,-0.64,0.80
2024,PV,3255,4.12,f,3.00,-1.12,0.80
2024,PT,3255,2.68,f,3.00,0.32,0.80
2024,PC DO B,3255,1.78,f,3.00,1.22,0.80
2024,PSB,2580,3.59,f,5.83,2.24,0.80
2024,PDT,2176,3.86,f,6.14,2.28,0.80
2024,MDB,3992,6.50,f,6.61,0.11,0.80
2024,PSD,3652,6.94,f,6.68,-0.26,0.80
2024,SOLIDARIEDADE,1427,6.01,f,6.78,0.77,0.80
2024,AVANTE,1491,6.47,f,6.97,0.50,0.80
2024,PP,3717,8.15,f,7.07,-1.08,0.80
2024,REPUBLICANOS,3078,8.33,f,7.10,-1.23,0.80
2024,PODE,2209,7.44,f,7.22,-0.22,0.80
2024,UNIÃO,3435,8.49,f,7.23,-1.26,0.80
2024,AGIR,656,7.55,f,7.24,-0.31,0.80
2024,MOBILIZA,538,6.74,f,7.26,0.52,0.80
2024,PMB,333,7.29,f,7.39,0.10,0.80
2024,PRD,1591,8.16,f,7.53,-0.63,0.80
2024,PSDB,2774,6.76,f,7.60,0.84,0.80
2024,CIDADANIA,2774,6.17,f,7.60,1.43,0.80
2024,DC,560,8.21,f,7.61,-0.60,0.80
2024,PRTB,385,7.49,f,7.91,0.42,0.80
2024,PL,2853,8.80,f,8.18,-0.62,0.80
2024,NOVO,342,8.67,f,8.80,0.13,0.80
