ano,escolaridade,candidatos,eleitos,taxa_sucesso_pct
2022,LÊ E ESCREVE,49,1,2.04
2022,ENSINO FUNDAMENTAL INCOMPLETO,184,1,0.54
2022,ENSINO FUNDAMENTAL COMPLETO,314,5,1.59
2022,ENSINO MÉDIO INCOMPLETO,170,2,1.18
2022,ENSINO MÉDIO COMPLETO,1513,28,1.85
2022,SUPERIOR INCOMPLETO,517,27,5.22
2022,SUPERIOR COMPLETO,2972,274,9.22
2024,ANALFABETO,2,0,0.00
2024,LÊ E ESCREVE,2288,181,7.91
2024,ENSINO FUNDAMENTAL INCOMPLETO,13940,1734,12.44
2024,ENSINO FUNDAMENTAL COMPLETO,11740,1514,12.90
2024,ENSINO MÉDIO INCOMPLETO,5136,550,10.71
2024,ENSINO MÉDIO COMPLETO,37006,5314,14.36
2024,SUPERIOR INCOMPLETO,4262,578,13.56
2024,SUPERIOR COMPLETO,24470,5033,20.57
