ano,cargo,sigla,trocou_partido,nota_especialistas,nota_herdada,deslocamento,espectro_camara,media_carreira,amplitude_carreira
1998,DEPUTADO ESTADUAL,PMDB,f,7.02,t,,-29.5,6.73,7.02
2000,PREFEITO,PMDB,f,7.02,t,0.00,-29.5,6.73,7.02
2002,DEPUTADO FEDERAL,PL,t,8.80,f,1.78,49.0,6.73,7.02
2004,PREFEITO,PL,f,8.80,f,0.00,49.0,6.73,7.02
2008,PREFEITO,PMDB,t,7.02,t,-1.78,-29.5,6.73,7.02
2014,DEPUTADO FEDERAL,PRB,t,7.78,f,0.76,-28.0,6.73,7.02
2016,VICE-PREFEITO,PP,t,8.20,f,0.42,-20.4,6.73,7.02
2022,DEPUTADO FEDERAL,PC DO B,t,1.78,f,-6.42,-61.1,6.73,7.02
2024,PREFEITO,PV,t,4.12,f,2.34,-51.7,6.73,7.02
