ano,faixa,candidatos,eleitos,taxa_sucesso_pct
2018,1. Sem bens declarados,527,4,0.76
2018,2. Até R$ 100 mil,309,6,1.94
2018,3. R$ 100 mil a R$ 500 mil,393,20,5.09
2018,4. R$ 500 mil a R$ 1 milhão,170,24,14.12
2018,5. R$ 1 milhão a R$ 5 milhões,181,34,18.78
2018,6. Acima de R$ 5 milhões,29,9,31.03
2022,1. Sem bens declarados,736,2,0.27
2022,2. Até R$ 100 mil,321,7,2.18
2022,3. R$ 100 mil a R$ 500 mil,445,20,4.49
2022,4. R$ 500 mil a R$ 1 milhão,209,16,7.66
2022,5. R$ 1 milhão a R$ 5 milhões,235,41,17.45
2022,6. Acima de R$ 5 milhões,48,11,22.92
