ano,cargo,dependencia,candidatos,eleitos,taxa_sucesso_pct
2018,1º SUPLENTE,4. Menos de 25% público,3,0,0.00
2018,2º SUPLENTE,4. Menos de 25% público,3,0,0.00
2018,DEPUTADO DISTRITAL,1. 75% ou mais público,327,2,0.61
2018,DEPUTADO DISTRITAL,2. 50% a 75% público,122,4,3.28
2018,DEPUTADO DISTRITAL,3. 25% a 50% público,115,5,4.35
2018,DEPUTADO DISTRITAL,4. Menos de 25% público,357,13,3.64
2018,DEPUTADO ESTADUAL,1. 75% ou mais público,7188,230,3.20
2018,DEPUTADO ESTADUAL,2. 50% a 75% público,1763,169,9.59
2018,DEPUTADO ESTADUAL,3. 25% a 50% público,1537,211,13.73
2018,DEPUTADO ESTADUAL,4. Menos de 25% público,5176,425,8.21
2018,DEPUTADO FEDERAL,1. 75% ou mais público,3911,321,8.21
2018,DEPUTADO FEDERAL,2. 50% a 75% público,844,81,9.60
2018,DEPUTADO FEDERAL,3. 25% a 50% público,515,23,4.47
2018,DEPUTADO FEDERAL,4. Menos de 25% público,2234,88,3.94
2018,GOVERNADOR,1. 75% ou mais público,104,7,6.73
2018,GOVERNADOR,2. 50% a 75% público,35,8,22.86
2018,GOVERNADOR,3. 25% a 50% público,14,6,42.86
2018,GOVERNADOR,4. Menos de 25% público,46,6,13.04
2018,PRESIDENTE,1. 75% ou mais público,9,0,0.00
2018,PRESIDENTE,2. 50% a 75% público,2,0,0.00
2018,PRESIDENTE,4. Menos de 25% público,3,1,33.33
2018,SENADOR,1. 75% ou mais público,164,30,18.29
2018,SENADOR,2. 50% a 75% público,50,7,14.00
2018,SENADOR,3. 25% a 50% público,22,5,22.73
2018,SENADOR,4. Menos de 25% público,107,11,10.28
2018,VICE-GOVERNADOR,1. 75% ou mais público,1,0,0.00
2018,VICE-GOVERNADOR,3. 25% a 50% público,1,0,0.00
2020,PREFEITO,1. 75% ou mais público,6650,1436,21.59
2020,PREFEITO,2. 50% a 75% público,3252,1171,36.01
2020,PREFEITO,3. 25% a 50% público,2882,1231,42.71
2020,PREFEITO,4. Menos de 25% público,5793,1648,28.45
2020,VEREADOR,1. 75% ou mais público,100310,4954,4.94
2020,VEREADOR,2. 50% a 75% público,29708,3210,10.81
2020,VEREADOR,3. 25% a 50% público,30139,4425,14.68
2020,VEREADOR,4. Menos de 25% público,260385,43710,16.79
2020,VICE-PREFEITO,1. 75% ou mais público,41,1,2.44
2020,VICE-PREFEITO,2. 50% a 75% público,1,0,0.00
2020,VICE-PREFEITO,4. Menos de 25% público,15,2,13.33
2022,DEPUTADO DISTRITAL,1. 75% ou mais público,310,10,3.23
2022,DEPUTADO DISTRITAL,2. 50% a 75% público,65,4,6.15
2022,DEPUTADO DISTRITAL,3. 25% a 50% público,40,5,12.50
2022,DEPUTADO DISTRITAL,4. Menos de 25% público,135,5,3.70
2022,DEPUTADO ESTADUAL,1. 75% ou mais público,9976,427,4.28
2022,DEPUTADO ESTADUAL,2. 50% a 75% público,1318,224,17.00
2022,DEPUTADO ESTADUAL,3. 25% a 50% público,795,144,18.11
2022,DEPUTADO ESTADUAL,4. Menos de 25% público,2449,239,9.76
2022,DEPUTADO FEDERAL,1. 75% ou mais público,7657,383,5.00
2022,DEPUTADO FEDERAL,2. 50% a 75% público,619,77,12.44
2022,DEPUTADO FEDERAL,3. 25% a 50% público,240,25,10.42
2022,DEPUTADO FEDERAL,4. Menos de 25% público,911,28,3.07
2022,GOVERNADOR,1. 75% ou mais público,147,15,10.20
2022,GOVERNADOR,2. 50% a 75% público,21,9,42.86
2022,GOVERNADOR,3. 25% a 50% público,6,1,16.67
2022,GOVERNADOR,4. Menos de 25% público,43,2,4.65
2022,PRESIDENTE,1. 75% ou mais público,8,1,12.50
2022,PRESIDENTE,4. Menos de 25% público,5,0,0.00
2022,SENADOR,1. 75% ou mais público,158,16,10.13
2022,SENADOR,2. 50% a 75% público,18,7,38.89
2022,SENADOR,3. 25% a 50% público,4,1,25.00
2022,SENADOR,4. Menos de 25% público,46,3,6.52
2024,PREFEITO,1. 75% ou mais público,9051,3056,33.76
2024,PREFEITO,2. 50% a 75% público,2772,1283,46.28
2024,PREFEITO,3. 25% a 50% público,1532,761,49.67
2024,PREFEITO,4. Menos de 25% público,1820,429,23.57
2024,VEREADOR,1. 75% ou mais público,125359,13918,11.10
2024,VEREADOR,2. 50% a 75% público,28696,5119,17.84
2024,VEREADOR,3. 25% a 50% público,22245,4766,21.43
2024,VEREADOR,4. Menos de 25% público,186673,32642,17.49
2024,VICE-PREFEITO,1. 75% ou mais público,5,0,0.00
2024,VICE-PREFEITO,4. Menos de 25% público,1,0,0.00
