ano,sigla,eleitos_no_municipio,votos,pct_votos,posicao
2018,PSB,0,424349,19.74,1
2018,PSL,0,282241,13.13,2
2018,PT,0,254762,11.85,3
2018,PP,0,232396,10.81,4
2018,PSDB,0,190568,8.86,5
2018,PV,0,159580,7.42,6
2018,MDB,0,149234,6.94,7
2018,PDT,0,89903,4.18,8
2018,PATRI,0,59878,2.78,9
2018,PSOL,0,43377,2.02,10
2018,PODE,0,35985,1.67,11
2018,AVANTE,0,35906,1.67,12
2018,PRTB,0,25338,1.18,13
2018,PRB,0,23139,1.08,14
2018,PPS,0,21405,1.00,15
2018,DEM,0,20385,0.95,16
2018,SOLIDARIEDADE,0,19307,0.90,17
2018,PSC,0,13056,0.61,18
2018,NOVO,0,13039,0.61,19
2018,REDE,0,9213,0.43,20
2018,PSD,0,8766,0.41,21
2018,PTB,0,8417,0.39,22
2018,PROS,0,7346,0.34,23
2018,PC DO B,0,6962,0.32,24
2018,PR,0,5193,0.24,25
2018,PMN,0,2873,0.13,26
2018,PTC,0,2138,0.10,27
2018,PHS,0,1931,0.09,28
2018,PSTU,0,1189,0.06,29
2018,DC,0,1038,0.05,30
2018,PRP,0,799,0.04,31
2018,PPL,0,495,0.02,32
2020,PP,4,106816,14.68,1
2020,PV,3,84221,11.57,2
2020,PATRIOTA,3,81270,11.17,3
2020,MDB,2,80536,11.07,4
2020,PSDB,1,70019,9.62,5
2020,PSB,0,46032,6.32,6
2020,CIDADANIA,4,32490,4.46,7
2020,AVANTE,3,32017,4.40,8
2020,DEM,0,23604,3.24,9
2020,PMB,2,21443,2.95,10
2020,PT,1,21020,2.89,11
2020,PROS,1,17530,2.41,12
2020,REPUBLICANOS,1,17308,2.38,13
2020,PRTB,1,16727,2.30,14
2020,SOLIDARIEDADE,0,15381,2.11,15
2020,PDT,1,14312,1.97,16
2020,PSL,1,13887,1.91,17
2020,PL,1,11733,1.61,18
2020,PSOL,0,10084,1.39,19
2020,PC DO B,0,4120,0.57,20
2020,REDE,0,2943,0.40,21
2020,UP,0,1751,0.24,22
2020,PSC,0,1526,0.21,23
2020,PSTU,0,584,0.08,24
2020,PTB,0,279,0.04,25
2020,PMN,0,112,0.02,26
2020,PCO,0,82,0.01,27
2022,PL,0,508965,25.31,1
2022,PT,0,329171,16.37,2
2022,PSB,0,301942,15.01,3
2022,PSDB,0,143522,7.14,4
2022,PRTB,0,124403,6.19,5
2022,PP,0,118909,5.91,6
2022,UNIÃO,0,114479,5.69,7
2022,MDB,0,92850,4.62,8
2022,REPUBLICANOS,0,85837,4.27,9
2022,SOLIDARIEDADE,0,40665,2.02,10
2022,PSC,0,38894,1.93,11
2022,PSD,0,32666,1.62,12
2022,PDT,0,25719,1.28,13
2022,PSOL,0,14811,0.74,14
2022,REDE,0,10588,0.53,15
2022,PTB,0,7010,0.35,16
2022,PC DO B,0,6094,0.30,17
2022,PMB,0,3121,0.16,18
2022,DC,0,2833,0.14,19
2022,AGIR,0,1544,0.08,20
2022,NOVO,0,1479,0.07,21
2022,UP,0,1457,0.07,22
2022,AVANTE,0,1245,0.06,23
2022,PATRIOTA,0,941,0.05,24
2022,PSTU,0,495,0.02,25
2022,PV,0,444,0.02,26
2022,CIDADANIA,0,314,0.02,27
2022,PODE,0,280,0.01,28
2022,PROS,0,189,0.01,29
2022,PCB,0,179,0.01,30
2022,PCO,0,25,0.00,31
2024,PP,6,263444,31.41,1
2024,PL,3,124546,14.85,2
2024,PODE,1,88474,10.55,3
2024,PT,1,68076,8.12,4
2024,REPUBLICANOS,4,44901,5.35,5
2024,PSB,4,43271,5.16,6
2024,PDT,2,32069,3.82,7
2024,PSD,2,31627,3.77,8
2024,AVANTE,2,30787,3.67,9
2024,MOBILIZA,1,21158,2.52,10
2024,SOLIDARIEDADE,1,16788,2.00,11
2024,MDB,1,16741,2.00,12
2024,DC,1,14378,1.71,13
2024,AGIR,1,12349,1.47,14
2024,PV,1,11298,1.35,15
2024,NOVO,0,7663,0.91,16
2024,PSOL,0,4287,0.51,17
2024,UP,0,3521,0.42,18
2024,REDE,0,2597,0.31,19
2024,PC DO B,0,573,0.07,20
2024,PSTU,0,110,0.01,21
2024,PCO,0,60,0.01,22
