consulta,arquivo_sql,parametros,linhas,tempo_s,executado_em
p01_custo_cadeira,p01_custo_cadeira.sql,"",24,0.63,2026-10-02 22:54:27
p02_taxa_por_patrimonio,p02_taxa_por_patrimonio.sql,"cargo = DEPUTADO FEDERAL",12,0.60,2026-10-02 22:54:28
p03a_indices_municipio,p03a_indices_municipio.sql,"município = João Pessoa (20516)",4,0.00,2026-10-02 22:54:29
p03b_partidos_municipio,p03b_partidos_municipio.sql,"município = João Pessoa (20516)",112,0.01,2026-10-02 22:54:30
p03c_indices_por_partido,p03c_indices_por_partido.sql,"ano = 2024",24,0.03,2026-10-02 22:54:30
p04a_escolaridade_sucesso,p04a_escolaridade_sucesso.sql,"",15,0.09,2026-10-02 22:54:30
p04b_escolaridade_municipio,p04b_escolaridade_municipio.sql,"ano = 2024, cargo = VEREADOR",6,1.73,2026-10-02 22:54:30
p05_eleitos_legenda,p05_eleitos_legenda.sql,"partido = PT",6,0.49,2026-10-02 22:54:33
p06a_alternancia,p06a_alternancia.sql,"",2,0.04,2026-10-02 22:54:34
p06b_jovem_vota_jovem,p06b_jovem_vota_jovem.sql,"ano = 2024, cargo = VEREADOR",1238,0.58,2026-10-02 22:54:35
p07_vies_ideologico,p07_vies_ideologico.sql,"nível = UF",24,0.05,2026-10-02 22:54:36
p07b_ideologia_coligacoes,p07b_ideologia_coligacoes.sql,"ano = 2024, todos os partidos",25,0.00,2026-10-02 22:54:36
p08_dependencia_publica,p08_dependencia_publica.sql,"",58,1.11,2026-10-02 22:54:36
p09a_gasto_por_tipo,p09a_gasto_por_tipo.sql,"ano = 2024, todos os candidatos",41,0.15,2026-10-02 22:54:38
p09b_nuvem_palavras,p09b_nuvem_palavras.sql,"ano = 2024, todos os candidatos",100,2.77,2026-10-02 22:54:39
p10a_linha_do_tempo,p10a_linha_do_tempo.sql,"político = RICARDO VIEIRA COUTINHO",8,0.00,2026-10-02 22:54:44
p10b_resumo_carreira,p10b_resumo_carreira.sql,"político = RICARDO VIEIRA COUTINHO",1,0.00,2026-10-02 22:54:44
p10c_trajetoria_ideologica,p10c_trajetoria_ideologica.sql,"político = ANDERSON ADAUTO PEREIRA",9,0.00,2026-10-02 22:54:45
